Scaffold,Length,GC,Depth,AltAllels
Contig_1_22.3774,17097.0,0.6018599754342867,55.89115049423876,0
Contig_2_24.8545,13059.0,0.583811930469408,61.20223600581974,0
Contig_3_25.707,2168.0,0.6019372693726938,62.65959409594096,0
Contig_4_17.2712,1636.0,0.6356968215158925,41.553789731051346,0
Contig_5_23.6224,6255.0,0.6108713029576339,57.8687450039968,0
Contig_6_18.9802,5128.0,0.5793681747269891,46.14918096723869,0
Contig_7_27.7468,7059.0,0.5454030315908769,68.46677999716674,0
Contig_8_26.3315,6618.0,0.6186158960411,64.39317014203687,0
Contig_9_17.3398,6474.0,0.6047265987025023,41.859746679023786,0
Contig_10_23.9035,5546.0,0.5944825099170573,58.15686981608366,0
Contig_11_23.2621,2014.0,0.6102284011916584,55.60526315789474,0
Contig_12_17.7863,3511.0,0.6243235545428653,42.83651381372828,0
Contig_13_19.7165,1473.0,0.6306856754921928,45.035980991174476,0
Contig_14_25.3694,14514.0,0.5202563042579579,62.570690367920626,0
Contig_15_23.5379,8308.0,0.6197640828117477,57.03707270101108,0
Contig_16_14.0112,521.0,0.6468330134357005,26.43570057581574,0
Contig_17_25.5146,9941.0,0.6124132381048184,63.3785333467458,0
Contig_18_22.0232,6494.0,0.6050200184785957,54.69140745303357,0
Contig_19_28.2324,1500.0,0.5926666666666667,64.08266666666667,0
Contig_20_26.8589,6816.0,0.6095950704225352,66.28829225352112,0
Contig_21_17.6655,1227.0,0.6316218418907905,39.36348818255909,0
Contig_22_36.573,11086.0,0.5516868121955619,90.21089662637561,0
Contig_23_21.303,8948.0,0.6228207420652659,51.46602592758158,0
Contig_24_21.9388,6836.0,0.621854885898186,53.250585137507315,0
Contig_25_100.394,1040.0,0.5298076923076923,240.0548076923077,3
Contig_26_25.4053,836.0,0.6052631578947368,56.25,0
Contig_27_21.7129,2713.0,0.5967563582749723,51.556579432362696,0
Contig_28_19.7159,2948.0,0.6170284938941656,46.94843962008141,0
Contig_29_22.9925,14934.0,0.6215347529128163,57.82924869425472,0
Contig_30_24.5487,13000.0,0.5442307692307692,60.184,0
Contig_31_18.2893,1832.0,0.5911572052401747,43.717794759825324,0
Contig_32_20.1264,5320.0,0.6304511278195488,48.51484962406015,0
Contig_33_20.0895,3661.0,0.5905490303195848,49.151324774651734,0
Contig_34_16.0809,855.0,0.6093567251461989,35.40233918128655,0
Contig_35_18.0608,3281.0,0.6177994513867723,43.32307223407498,0
Contig_36_22.925,12192.0,0.6180282152230971,57.31471456692913,0
Contig_37_34.2753,14851.0,0.5613090027607569,85.56305972661774,0
Contig_38_17.2365,2338.0,0.6124893071000855,41.217279726261765,0
Contig_39_20.4922,970.0,0.6,45.14536082474227,0
Contig_40_18.4824,19612.0,0.585916785641444,45.83668162349582,0
Contig_41_10.2941,484.0,0.6859504132231405,19.973140495867767,0
Contig_42_17.8737,14214.0,0.6160827353313635,44.55804136766568,0
Contig_43_21.7598,11177.0,0.5840565446899884,53.99051623870448,0
Contig_44_16.7575,3515.0,0.6165007112375533,41.939971550497866,0
Contig_45_25.9794,12379.0,0.5844575490750464,65.2799095241942,0
Contig_46_26.1794,20503.0,0.6081549041603668,65.67999804906599,2
Contig_47_23.22,4316.0,0.6105189990732159,57.26737720111214,0
Contig_48_20.6743,6459.0,0.6175878618981266,49.97522836352376,0
Contig_49_19.5081,9952.0,0.6227893890675241,50.302552250803856,0
Contig_50_26.7126,18089.0,0.6418818066228095,65.80424567416662,0
Contig_51_19.6067,760.0,0.6105263157894737,41.90921052631579,0
Contig_52_35.8428,3913.0,0.571939688218758,87.45514950166113,0
Contig_53_23.8917,4728.0,0.5917935702199661,58.11209813874788,0
Contig_54_26.5457,1291.0,0.5863671572424477,62.39814097598761,0
Contig_55_21.9239,22415.0,0.5872853000223065,54.18585768458622,0
Contig_56_23.969,12214.0,0.6175700016374652,60.04920582937613,0
Contig_57_28.2861,11676.0,0.5202980472764646,70.07194244604317,0
Contig_58_20.9108,7477.0,0.6062591948642504,52.32967767821319,0
Contig_59_20.8895,13924.0,0.5964521689169778,51.69584889399598,0
Contig_60_22.3288,2339.0,0.5775972637879435,53.442924326635314,0
Contig_61_23.5785,2266.0,0.6028243601059136,55.80626654898499,0
Contig_62_17.4694,2345.0,0.5923240938166311,42.11002132196162,0
Contig_63_17.8292,2072.0,0.6172779922779923,42.371138996138995,0
Contig_64_19.9386,2631.0,0.629418472063854,48.45876092740403,0
Contig_65_24.501,12341.0,0.5637306539178348,61.63187748156551,0
Contig_66_54.608,1969.0,0.6003047232097511,125.5479939055358,0
Contig_67_25.5429,1581.0,0.6015180265654649,58.998734977862114,0
Contig_68_19.5232,3969.0,0.63718820861678,46.702695893172084,0
Contig_69_18.9953,17022.0,0.6036893432029139,47.56861708377394,0
Contig_70_21.5526,13438.0,0.6065634767078434,54.61824676291115,0
Contig_71_18.7685,711.0,0.6174402250351617,42.30239099859353,0
Contig_72_21.148,7842.0,0.6256057128283601,51.7297883193063,0
Contig_73_16.721,3083.0,0.6409341550437885,39.40447615958482,0
Contig_74_25.3232,18609.0,0.6066956848836584,63.000053737438876,0
Contig_75_27.785,4792.0,0.5849332220367279,67.95513355592655,0
Contig_76_20.3237,13343.0,0.6111069474630892,50.43693322341303,1
Contig_77_29.7646,2595.0,0.4863198458574181,71.36184971098265,0
Contig_78_21.8038,3806.0,0.6271676300578035,52.44035733053074,0
Contig_79_87.9636,4933.0,0.6357186296371377,215.08777620109467,1
Contig_80_24.4167,1636.0,0.6240831295843521,54.2781173594132,0
Contig_81_26.103,2844.0,0.6167369901547117,62.81856540084388,0
Contig_82_19.0043,11810.0,0.5809483488569009,47.452836579170196,0
Contig_83_20.6131,5282.0,0.6192730026505112,50.74668686103749,0
Contig_84_15.5627,3742.0,0.6435061464457509,39.40807055050775,0
Contig_85_20.4764,628.0,0.5764331210191083,44.55573248407644,0
Contig_86_26.0726,3519.0,0.6064222790565501,62.81955100880932,0
Contig_87_21.698,11156.0,0.5926855503764791,53.90668698458229,0
Contig_88_14.9634,1442.0,0.6359223300970874,36.75658807212205,0
Contig_89_20.6918,3016.0,0.593501326259947,51.33222811671087,0
Contig_90_23.9699,1638.0,0.6037851037851037,57.256410256410255,0
Contig_91_22.2259,3963.0,0.6220035326772647,55.14282109512995,0
Contig_92_17.4699,1751.0,0.6304968589377499,43.199314677327244,0
Contig_93_23.9593,322.0,0.5279503105590062,40.57142857142857,0
Contig_94_22.1482,636.0,0.6163522012578616,43.43238993710692,0
Contig_95_32.8005,5576.0,0.5719153515064562,80.55003586800574,0
Contig_96_19.6815,25095.0,0.5978083283522614,49.53261605897589,0
Contig_97_19.82,1226.0,0.5880913539967374,43.35236541598695,0
Contig_98_23.1167,6556.0,0.6029591214154972,56.934868822452714,0
Contig_99_24.8704,10844.0,0.6107524898561416,60.89800811508668,0
Contig_100_34.3838,1337.0,0.556469708302169,99.74869109947645,0
Contig_101_18.1747,4318.0,0.6032885595182955,45.28415933302455,0
Contig_102_22.7689,3361.0,0.6138054150550432,54.92889021124665,0
Contig_103_21.7313,638.0,0.6191222570532915,47.44514106583072,0
Contig_104_19.2982,4721.0,0.584198263079856,46.84621902139377,0
Contig_105_18.1255,3135.0,0.610207336523126,42.797767145135566,0
Contig_106_20.1576,3914.0,0.625447112927951,50.73122125702606,0
Contig_107_20.1786,6778.0,0.6308645618176453,50.00722927117144,0
Contig_108_24.5301,889.0,0.6377952755905512,52.70753655793026,0
Contig_109_19.5535,24216.0,0.6286752560290717,49.12289395441031,0
Contig_110_30.5688,512.0,0.583984375,59.509765625,0
Contig_111_33.6458,1705.0,0.4604105571847507,56.899706744868034,0
Contig_112_20.1455,10204.0,0.6179929439435515,49.40827126617013,0
Contig_113_43.4586,1489.0,0.4728005372733378,80.9395567494963,3
Contig_114_23.7262,3758.0,0.6088344864289515,58.2868547099521,0
Contig_115_21.814,10962.0,0.612114577631819,54.86343732895457,0
Contig_116_19.9564,11594.0,0.6104019320338105,49.89296187683284,0
Contig_117_21.6455,4826.0,0.6013261500207211,52.97969332780771,0
Contig_118_24.2674,9556.0,0.598158225198828,60.9282126412725,0
Contig_119_23.0562,2798.0,0.6208005718370264,56.96068620443174,0
Contig_120_20.1346,2067.0,0.6207063376874697,46.82825350749879,0
Contig_121_22.5333,12325.0,0.6198782961460446,56.3894523326572,0
Contig_122_21.8195,3001.0,0.6221259580139953,52.300233255581475,0
Contig_123_21.1053,1339.0,0.6183719193427931,50.48020911127707,0
Contig_124_19.3561,4757.0,0.6205591759512298,46.12234601639689,0
Contig_125_22.7303,16872.0,0.6331792318634424,57.21669037458511,0
Contig_126_11.6897,221.0,0.5927601809954751,12.0,0
Contig_127_24.1235,4075.0,0.5975460122699386,57.93030674846626,0
Contig_128_17.728,6135.0,0.6171149144254279,43.4358598207009,0
Contig_129_21.4688,9946.0,0.6275889804946713,53.483108787452245,1
Contig_130_19.0737,20562.0,0.5950782997762863,47.653876082093184,0
Contig_131_21.1717,6297.0,0.5898046688899476,53.8188026044148,0
Contig_132_21.5305,5179.0,0.5458582737980305,54.64935315698011,0
Contig_133_25.6522,9201.0,0.5790674926638408,62.77806760134768,0
Contig_134_19.9745,7997.0,0.6201075403276228,48.968363136176066,0
Contig_135_20.5235,5977.0,0.5991299983269198,50.91015559645307,0
Contig_136_18.9874,4132.0,0.6125363020329139,45.82817037754114,0
Contig_137_14.7576,307.0,0.6482084690553745,24.368078175895764,0
Contig_138_19.7729,32188.0,0.563719398533615,48.98185659251895,0
Contig_139_18.7431,1489.0,0.6359973136333109,44.08999328408328,0
Contig_140_60.2617,1077.0,0.5970287836583101,141.0120705663881,0
Contig_141_21.2694,5914.0,0.5864051403449442,51.154886709502875,0
Contig_142_16.418,2961.0,0.6136440391759541,40.274231678487,0
Contig_143_19.6454,5400.0,0.5755555555555556,48.363703703703706,0
Contig_144_20.3817,11644.0,0.5693919615252491,50.86070079010649,0
Contig_145_25.2941,11900.0,0.5969747899159664,63.14773109243698,0
Contig_146_22.7715,3035.0,0.6026359143327842,55.41021416803954,0
Contig_147_21.0667,6013.0,0.6208215533011808,51.2885414934309,0
Contig_148_26.7215,3796.0,0.59536354056902,65.13777660695469,0
Contig_149_22.3271,3369.0,0.6310477886613238,55.94152567527456,0
Contig_150_22.276,9321.0,0.6105568072095269,55.7243857955155,0
Contig_151_19.6267,2211.0,0.6223428312980552,46.276345545002265,0
Contig_152_16.9798,6771.0,0.6123172352680549,42.522227145177965,0
Contig_153_19.7121,12565.0,0.626183844011142,49.75813768404298,0
Contig_154_25.9461,3431.0,0.5919556980472166,63.04255319148936,0
Contig_155_17.6225,13082.0,0.6135911940070325,44.28489527595169,0
Contig_156_25.8784,10279.0,0.5642572234653176,64.94182313454617,0
Contig_157_22.2912,3984.0,0.5928714859437751,54.46887550200803,0
Contig_158_18.9468,5982.0,0.5994650618522234,47.16599799398195,0
Contig_159_39.687,7419.0,0.5783798355573527,97.48038819247877,0
Contig_160_22.3119,10930.0,0.6132662397072278,56.23275388838061,0
Contig_161_23.8581,7756.0,0.6062403300670449,58.6107529654461,0
Contig_162_26.474,7905.0,0.5229601518026565,64.58836179633144,0
Contig_163_36.7733,17962.0,0.5749916490368556,90.35151987529228,0
Contig_164_23.6098,3464.0,0.605080831408776,57.31264434180139,0
Contig_165_19.5369,11846.0,0.598261016376836,47.171450278575044,0
Contig_166_23.6037,1411.0,0.5676824946846208,54.83416017009213,0
Contig_167_26.8869,2075.0,0.6260240963855421,61.46650602409638,0
Contig_168_22.9212,11606.0,0.6109770808202654,56.13699810442874,0
Contig_169_22.3387,6415.0,0.603273577552611,55.384411535463755,0
Contig_170_14.1084,565.0,0.647787610619469,26.72566371681416,0
Contig_171_18.1399,2113.0,0.6426881211547563,40.95078088026503,0
Contig_172_21.4486,4815.0,0.608515057113188,52.617445482866046,0
Contig_173_14.8929,982.0,0.6608961303462322,35.59674134419552,2
Contig_174_24.9123,5480.0,0.589051094890511,61.738686131386864,0
Contig_175_20.4628,6569.0,0.608007307048257,50.54833307961638,0
Contig_176_26.8104,2893.0,0.6024887659868648,65.37089526443138,0
Contig_177_20.0437,14404.0,0.6132324354346015,49.608164398778115,0
Contig_178_20.5095,6997.0,0.5875375160783193,51.00886094040303,0
Contig_179_19.2112,2557.0,0.5252248728979273,44.79429018380915,0
Contig_180_24.5346,19240.0,0.5935031185031185,61.05841995841996,0
Contig_181_26.9862,4216.0,0.4691650853889943,63.95161290322581,0
Contig_182_27.4998,9286.0,0.5957355158302822,68.08862804221408,0
Contig_183_24.329,10775.0,0.5792111368909513,59.79331786542924,0
Contig_184_20.2277,1534.0,0.5977835723598436,47.83050847457627,0
Contig_185_21.6592,5445.0,0.596694214876033,54.67988980716253,0
Contig_186_27.0727,2621.0,0.5955742083174361,64.60358641739793,0
Contig_187_17.394,1236.0,0.6456310679611651,41.63187702265372,0
Contig_188_59.8109,1081.0,0.6114708603145236,126.56799259944496,0
Contig_189_22.3768,10627.0,0.5696810012232991,55.803048837865816,0
Contig_190_18.7278,5505.0,0.5932788374205268,47.94368755676658,0
Contig_191_20.2553,456.0,0.5877192982456141,39.99122807017544,0
Contig_192_25.5625,2357.0,0.6173101400084854,58.635129401781924,0
Contig_193_19.9371,3464.0,0.6397228637413395,47.60565819861432,0
Contig_194_18.5622,1241.0,0.6470588235294118,41.296535052377116,0
Contig_195_182.514,772.0,0.5686528497409327,388.56865284974094,1
Contig_196_12.5607,727.0,0.6231086657496562,25.65474552957359,0
Contig_197_56.3892,1769.0,0.5720746184284907,131.0808366308649,0
Contig_198_23.6981,8944.0,0.605098389982111,58.5136404293381,0
Contig_199_28.8016,17598.0,0.5730764859643142,71.55568814638028,0
Contig_200_20.1867,8696.0,0.6055657773689053,49.154208831646734,0
Contig_201_19.524,4767.0,0.6196769456681351,47.99496538703587,0
Contig_202_21.4762,19041.0,0.5716086340003151,53.10493146368363,0
Contig_203_18.7088,12392.0,0.5951420271142672,46.857488702388636,0
Contig_204_23.4953,8871.0,0.5629579528801714,58.215195581106975,0
Contig_205_21.7087,9752.0,0.5837776866283839,52.190525020508616,0
Contig_206_25.357,7314.0,0.5977577249111293,62.3911676237353,0
Contig_207_30.4701,13364.0,0.5538760850044897,75.41544447770129,0
Contig_208_23.7767,19183.0,0.6046499504769848,59.474847521242765,0
Contig_209_19.4833,945.0,0.6222222222222222,42.51111111111111,0
Contig_210_19.8957,9599.0,0.6224606729867694,49.07657047609126,0
Contig_211_18.903,2375.0,0.5983157894736842,44.83705263157895,0
Contig_212_22.5752,3824.0,0.6148012552301255,54.07557531380753,0
Contig_213_19.4654,7292.0,0.6150575973669775,47.975726823916624,0
Contig_214_24.8042,12208.0,0.6180373525557011,60.965350589777195,0
Contig_215_15.8661,1405.0,0.5807829181494661,34.86405693950178,0
Contig_216_12.7508,393.0,0.6717557251908397,22.58269720101781,0
Contig_217_21.6792,1594.0,0.6361355081555834,48.38895859473024,0
Contig_218_27.2965,5307.0,0.5926135293009233,66.23817599397023,0
Contig_219_20.5887,14128.0,0.6173556058890147,50.98464043035108,0
Contig_220_22.2314,1165.0,0.6197424892703862,50.354506437768244,0
Contig_221_19.7802,24175.0,0.6031437435367115,49.196608066184076,0
Contig_222_24.5388,3623.0,0.6138559205078664,59.11068175545128,0
Contig_223_26.5006,4013.0,0.6227261400448543,64.2302516820334,0
Contig_224_23.9921,967.0,0.5418821096173733,54.203722854188214,0
Contig_225_21.1102,14614.0,0.5965512522238949,53.68557547557137,0
Contig_226_23.7425,810.0,0.5901234567901235,51.89753086419753,0
Contig_227_24.565,14226.0,0.6172501054407423,61.05187684521299,0
Contig_228_20.3265,5638.0,0.6071301880099326,48.82990422135509,0
Contig_229_22.1019,1470.0,0.6346938775510204,51.406122448979595,0
Contig_230_21.2001,5794.0,0.5745598895409044,53.72454263030721,0
Contig_231_16.824,16181.0,0.6316049687905568,42.16395772819974,0
Contig_232_24.9126,18931.0,0.5675875548042892,62.502984522740476,0
Contig_233_20.164,899.0,0.6006674082313682,45.796440489432705,0
Contig_234_22.9557,2651.0,0.6046774801961524,55.33308185590343,0
Contig_235_15.1577,761.0,0.6675427069645203,31.659658344283837,0
Contig_236_23.2252,5680.0,0.6330985915492958,57.4193661971831,0
Contig_237_25.843,16817.0,0.5704346791936731,65.16388178628769,0
Contig_238_18.1696,2340.0,0.5995726495726496,41.93888888888889,0
Contig_239_15.3384,868.0,0.6370967741935484,36.14746543778802,0
Contig_240_23.0583,1225.0,0.6057142857142858,49.07265306122449,0
Contig_241_20.0548,5696.0,0.6306179775280899,50.80863764044944,0
Contig_242_25.1956,1947.0,0.6045197740112994,60.98356445814073,0
Contig_243_23.3404,1389.0,0.6378689704823615,52.518358531317496,0
Contig_244_25.3818,9015.0,0.6017748197448697,63.91125901275652,0
Contig_245_25.5384,4391.0,0.5868822591664768,61.84058301070371,0
Contig_246_20.1841,7262.0,0.6272376755714679,50.71027265216194,0
Contig_247_26.6654,1965.0,0.6076335877862595,64.19491094147583,0
Contig_248_19.7769,19880.0,0.6075452716297787,49.19250503018109,0
Contig_249_22.7152,4248.0,0.588512241054614,52.736111111111114,0
Contig_250_20.0252,3682.0,0.6151548071700162,48.10293318848452,0
Contig_251_23.3629,5028.0,0.6020286396181385,57.93993635640414,0
Contig_252_26.1199,12391.0,0.5616173028811234,63.77645064966508,0
Contig_253_17.7769,1282.0,0.6006240249609984,41.21606864274571,0
Contig_254_26.4895,1741.0,0.5841470419299253,61.81792073520965,0
Contig_255_22.5716,8638.0,0.6195878675619356,56.50185228062051,0
Contig_256_24.9467,17983.0,0.5702051937941389,61.942334426958794,0
Contig_257_15.5667,803.0,0.6625155666251556,36.21419676214197,0
Contig_258_20.1144,3188.0,0.5567754077791719,48.89617314930991,0
Contig_259_20.3663,6270.0,0.6443381180223285,50.739234449760765,0
Contig_260_21.0328,2606.0,0.6093630084420568,50.75633154259401,0
Contig_261_18.764,5521.0,0.6254301756928092,44.64879550806013,0
Contig_262_20.0649,4420.0,0.6210407239819005,51.02918552036199,0
Contig_263_17.9324,1940.0,0.6113402061855671,43.31443298969072,0
Contig_264_10.058,852.0,0.6584507042253521,22.37323943661972,0
Contig_265_18.3191,6726.0,0.61983348201011,46.294082664287835,0
Contig_266_20.7005,10567.0,0.6010220497776095,51.524462950695565,0
Contig_267_16.4914,308.0,0.6525974025974026,27.246753246753247,0
Contig_268_21.0237,10495.0,0.6067651262505955,51.97541686517389,0
Contig_269_19.1238,5383.0,0.6292030466282742,48.36875348318782,0
Contig_270_24.9789,9303.0,0.6042136945071482,61.20423519294851,0
Contig_271_23.4495,1235.0,0.594331983805668,54.29959514170041,0
Contig_272_18.0644,17863.0,0.5969881878743772,45.62727425404467,0
Contig_273_17.1209,597.0,0.5728643216080402,38.73534338358459,0
Contig_274_23.0359,32128.0,0.5659238047808764,57.3191608565737,0
Contig_275_22.4932,6692.0,0.5971309025702332,54.91975493126121,0
Contig_276_27.1065,21613.0,0.606533105075649,67.91148845602184,0
Contig_277_20.8997,1582.0,0.6169405815423514,48.195322376738304,0
Contig_278_19.3062,11531.0,0.6235365536380193,48.62683201803833,0
Contig_279_17.8062,4266.0,0.6270511017346461,43.387716830754805,0
Contig_280_20.2601,6784.0,0.5765035377358491,50.668926886792455,0
Contig_281_16.8393,804.0,0.6368159203980099,36.2636815920398,0
Contig_282_20.0289,3124.0,0.6216389244558259,47.97279129321383,0
Contig_283_21.4599,9244.0,0.588273474686283,52.00876244050195,0
Contig_284_22.7315,6243.0,0.5790485343584815,56.04164664424155,0
Contig_285_25.5872,2845.0,0.5947275922671353,62.7103690685413,0
Contig_286_18.2907,3169.0,0.6383717260965605,44.673398548437994,0
Contig_287_17.0348,2866.0,0.639218422889044,40.31891137473831,0
Contig_288_23.1391,18117.0,0.590053540873213,57.46188662582105,0
Contig_289_24.4283,9532.0,0.5782626940830885,60.658938313050776,0
Contig_290_7.59307,538.0,0.6784386617100372,16.979553903345725,0
Contig_291_19.1366,5843.0,0.621598493924354,47.1095327742598,0
Contig_292_26.3473,35081.0,0.5578803340839771,65.64510703799778,0
Contig_293_13.8772,361.0,0.6481994459833795,22.141274238227147,0
Contig_294_25.9487,4578.0,0.6098733071210135,64.46985583224115,0
Contig_295_20.7372,1263.0,0.5874901029295329,45.086302454473476,0
Contig_296_23.0464,4455.0,0.5970819304152637,57.6983164983165,0
Contig_297_20.8084,3881.0,0.6011337284205102,51.36949239886627,0
Contig_298_25.7329,7343.0,0.6016614462753643,63.94634345635299,0
Contig_299_22.6011,35522.0,0.5828219131805642,56.69967907212432,0
Contig_300_30.7558,27167.0,0.6008392535060919,75.9080502079729,0
Contig_301_24.3464,15146.0,0.623332893173115,61.09065099696289,0
Contig_302_20.2627,944.0,0.6514830508474576,44.891949152542374,0
Contig_303_24.241,13306.0,0.6121298662257628,60.49496467758906,0
Contig_304_28.238,8131.0,0.5435985733612102,70.9563399335875,0
Contig_305_24.0791,23021.0,0.6187394118413623,60.229659875765606,0
Contig_306_22.6497,3333.0,0.5568556855685568,53.20882088208821,0
Contig_307_24.7343,4491.0,0.6003117345802716,58.96704520151414,0
Contig_308_24.9405,15387.0,0.609540521219211,62.6879833625788,0
Contig_309_21.8139,2285.0,0.5982494529540482,49.717724288840266,0
Contig_310_22.7913,16610.0,0.6116195063214931,56.624683925346176,0
Contig_311_19.4747,24259.0,0.5889360649655798,48.10247743105651,0
Contig_312_25.6609,6266.0,0.5453239706351739,62.796042132141714,0
Contig_313_20.0792,4494.0,0.5974632843791722,50.063640409434804,0
Contig_314_20.6913,2159.0,0.5914775358962483,48.78740157480315,0
Contig_315_23.0408,9869.0,0.5899280575539568,55.93677170939305,0
Contig_316_22.3652,2020.0,0.5975247524752475,53.17722772277228,0
Contig_317_22.4142,10728.0,0.5743847874720358,55.27824384787472,0
Contig_318_22.9847,13631.0,0.6003961558212897,56.868388232704866,0
Contig_319_28.5156,4108.0,0.6044303797468354,70.42015579357351,0
Contig_320_78.4854,453.0,0.6688741721854304,148.1280353200883,0
Contig_321_23.2883,638.0,0.6159874608150471,47.573667711598745,0
Contig_322_24.5844,3399.0,0.5751691674021772,59.338923212709624,0
Contig_323_19.0063,1663.0,0.6091401082381239,45.61274804570054,0
Contig_324_20.6708,6263.0,0.607536324445154,50.24030017563468,0
Contig_325_19.8734,2777.0,0.6164926179330212,47.39034929780338,0
Contig_326_20.6992,5432.0,0.6110088365243005,51.90132547864506,0
Contig_327_25.0033,2796.0,0.6051502145922747,58.44134477825465,0
Contig_328_24.431,2737.0,0.5959079283887468,57.28717573986116,0
Contig_329_19.0685,2848.0,0.6025280898876404,45.17626404494382,0
Contig_330_15.5871,2958.0,0.6511156186612576,38.515551048005406,0
Contig_331_19.8443,1354.0,0.619645494830133,43.629985228951256,0
Contig_332_26.9851,10605.0,0.6388495992456389,67.36265912305517,0
Contig_333_19.6495,2273.0,0.6159260888693356,46.30224373075231,0
Contig_334_35.1476,71170.0,0.5590276802023324,87.62387241815371,0
Contig_335_21.7532,2106.0,0.5484330484330484,51.24216524216524,0
Contig_336_26.1599,3404.0,0.6269095182138661,61.49764982373678,0
Contig_337_18.2806,6227.0,0.614421069535892,45.566404368074515,0
Contig_338_16.3021,6018.0,0.635427052176803,40.725822532402795,0
Contig_339_17.2852,1412.0,0.6168555240793201,41.196175637393765,0
Contig_340_26.2698,9566.0,0.6233535438009618,65.11112272632239,0
Contig_341_17.7301,8953.0,0.6330838824974869,44.16441416285044,0
Contig_342_18.2558,6373.0,0.6326690726502432,44.59595167111251,0
Contig_343_17.5583,2664.0,0.6066066066066066,41.44294294294294,0
Contig_344_17.9802,5771.0,0.6345520706983192,44.67007451048345,0
Contig_345_18.6491,4000.0,0.62625,46.07225,0
Contig_346_14.3524,950.0,0.6294736842105263,33.26842105263158,0
Contig_347_21.703,5336.0,0.5993253373313343,53.88399550224887,0
Contig_348_24.7184,9865.0,0.5992904206791688,61.50207805372529,0
Contig_349_12.4842,1152.0,0.6197916666666666,29.84027777777778,0
Contig_350_25.7289,3742.0,0.6199893105291288,64.55104222340994,0
Contig_351_28.2226,5282.0,0.630064369556986,69.88716395304809,0
Contig_352_31.3986,16187.0,0.5939951813183418,77.16327917464632,0
Contig_353_27.6308,11089.0,0.5226801334655965,67.81179547299125,0
Contig_354_21.2791,7709.0,0.5847710468283824,52.39343624335193,0
Contig_355_17.7505,1707.0,0.6074985354422964,40.618629173989454,0
Contig_356_19.9225,579.0,0.6113989637305699,39.60967184801382,0
Contig_357_16.5216,3960.0,0.6333333333333333,39.55050505050505,0
Contig_358_21.2294,6158.0,0.5935368626177331,52.2955505034102,0
Contig_359_23.4065,6718.0,0.6196784757368264,56.75915451027091,0
Contig_360_20.2991,11919.0,0.5874653913918952,51.07668428559443,0
Contig_361_22.1052,5608.0,0.5914764621968617,54.85681169757489,0
Contig_362_21.1337,2313.0,0.6191093817552962,53.29961089494164,0
Contig_363_19.1891,3773.0,0.6254969520275643,46.775245163000264,0
Contig_364_25.2354,6358.0,0.6088392576281849,61.86410821012897,0
Contig_365_18.969,7207.0,0.6106563063688081,46.59067573192729,0
Contig_366_23.2537,4120.0,0.6,55.54878640776699,0
Contig_367_24,1908.0,0.5665618448637316,56.509958071278824,0
Contig_368_23.6449,4689.0,0.6176156963105139,57.76029004052037,0
Contig_369_31.9682,736.0,0.6222826086956522,68.37364130434783,0
Contig_370_20.9213,7086.0,0.6040079029071408,51.31315269545583,0
Contig_371_22.2683,4877.0,0.6169776501947919,55.175722780397784,0
Contig_372_16.5877,760.0,0.6407894736842106,37.27763157894737,0
Contig_373_19.1524,7700.0,0.6253246753246753,48.45688311688312,0
Contig_374_22.2405,21027.0,0.6345650829885385,55.5284634041946,0
Contig_375_22.0779,2257.0,0.6216216216216216,52.634027470093045,0
Contig_376_15.686,1745.0,0.6275071633237822,37.001719197707736,0
Contig_377_22.1083,8828.0,0.5789533303126416,54.59571816946081,0
Contig_378_15.2241,3374.0,0.6493775933609959,38.785714285714285,0
Contig_379_22.5624,7402.0,0.5961902188597676,56.9954066468522,0
Contig_380_23.4809,11140.0,0.6205565529622981,58.50394973070018,0
Contig_381_20.3372,1458.0,0.5946502057613169,47.655006858710564,0
Contig_382_23.549,2628.0,0.6095890410958904,58.41438356164384,0
Contig_383_23.2427,7497.0,0.6035747632386288,57.30959050286781,0
Contig_384_25.1472,3384.0,0.5921985815602837,61.42523640661938,0
Contig_385_17.1511,2108.0,0.6404174573055028,40.38899430740038,0
Contig_386_27.3731,7396.0,0.5942401297998918,69.05840995132505,1
Contig_387_16.0444,1721.0,0.6199883788495061,36.961069145845435,0
Contig_388_18.455,6155.0,0.60178716490658,45.46498781478473,0
Contig_389_22.7022,6943.0,0.5759758029670171,56.57079072447069,0
Contig_390_26.5598,12574.0,0.5901065691108637,66.11658978845236,0
Contig_391_26.403,6223.0,0.6053350474047887,66.27719749317049,0
Contig_392_33.7196,27888.0,0.5534997131382674,84.64447074010327,9
Contig_393_27.369,14533.0,0.601045895548063,68.06956581572972,0
Contig_394_21.4711,14180.0,0.5371650211565585,53.39238363892807,0
Contig_395_25.8079,2528.0,0.5886075949367089,63.64003164556962,0
Contig_396_19.8889,5739.0,0.6001045478306325,49.35633385607249,0
Contig_397_20.0456,7121.0,0.6011796096053925,48.76197163319758,0
Contig_398_23.2402,19777.0,0.5955908378419376,58.24351519441776,0
Contig_399_19.3449,4625.0,0.6252972972972973,47.251243243243245,0
Contig_400_17.4802,3772.0,0.6177094379639448,42.36850477200424,0
Contig_401_17.5677,1124.0,0.6352313167259787,41.7153024911032,0
Contig_402_22.0298,4202.0,0.6235126130414088,53.60804378867206,0
Contig_403_22.3922,12515.0,0.5999200958849381,54.78641630043947,0
Contig_404_21.4674,4233.0,0.6139853531774155,53.32341129222773,0
Contig_405_21.5799,9790.0,0.6056179775280899,53.93605720122574,0
Contig_406_25.2316,17601.0,0.5755354809385831,63.31128913129936,0
Contig_407_18.4021,7776.0,0.6159979423868313,44.714120370370374,0
Contig_408_15.9608,280.0,0.6428571428571429,25.95357142857143,0
Contig_409_24.067,1538.0,0.6280884265279584,55.711963589076724,0
Contig_410_22.0085,1729.0,0.584731058415269,53.224985540775016,0
Contig_411_15.255,3610.0,0.6376731301939058,37.780332409972296,0
Contig_412_20.4543,7637.0,0.5847846012832264,50.18947230587927,0
Contig_413_19.6522,4021.0,0.6232280527232031,48.94528724197961,0
Contig_414_21.514,10404.0,0.6046712802768166,53.233564013840834,0
Contig_415_17.6127,1096.0,0.6405109489051095,38.93704379562044,0
Contig_416_23.848,3767.0,0.5826917971860898,58.90098221396337,0
Contig_417_21.7957,20820.0,0.5970220941402498,54.1364553314121,0
Contig_418_19.8539,1465.0,0.6484641638225256,47.42184300341297,0
Contig_419_28.5552,47270.0,0.5398138354135815,70.90245398773006,0
Contig_420_26.7164,8556.0,0.6465638148667602,66.7947639083684,0
Contig_421_21.1915,3784.0,0.5869450317124736,51.223837209302324,0
Contig_422_24.3626,7042.0,0.5986935529679068,60.310281170122124,0
Contig_423_24.183,11887.0,0.5937578867670564,60.965676789770335,0
Contig_424_18.4757,16276.0,0.6056770705333006,45.84013271073974,0
Contig_425_24.0868,2680.0,0.616044776119403,57.65410447761194,0
Contig_426_20.2604,8601.0,0.5846994535519126,49.73933263574003,0
Contig_427_25.2333,3801.0,0.5401210207840043,63.06314127861089,0
Contig_428_27.8739,3556.0,0.5666479190101237,67.56946006749156,0
Contig_429_14.8122,1173.0,0.6197783461210571,33.09292412617221,0
Contig_430_34.6249,9752.0,0.5843929450369155,85.84557013945857,0
Contig_431_25.6872,1879.0,0.5385843533794572,66.31293241085685,6
Contig_432_18.0157,3013.0,0.6113508131430468,44.57948888151344,0
Contig_433_24.9568,2601.0,0.6066897347174164,57.58246828143022,0
Contig_434_23.3733,3671.0,0.608553527649142,57.58594388450014,0
Contig_435_25.0041,8065.0,0.6069435833849969,62.03595784252945,0
Contig_436_22.0784,2205.0,0.6090702947845805,51.15238095238095,0
Contig_437_43.2067,521.0,0.5604606525911708,122.49136276391555,6
Contig_438_34.0182,461.0,0.5770065075921909,59.82429501084599,0
Contig_439_18.3297,15134.0,0.6254790537861769,45.77857803620986,0
Contig_440_18.0884,3197.0,0.5771035345636534,46.16578041914295,0
Contig_441_15.4804,5118.0,0.6430246189917936,37.94861273935131,0
Contig_442_26.4196,4621.0,0.5877515689244752,65.16706340618914,0
Contig_443_21.88,2226.0,0.6176999101527404,53.4366576819407,0
Contig_444_25.3932,1696.0,0.5731132075471698,57.84905660377358,0
Contig_445_18.1489,4924.0,0.6033712428919578,44.55808285946385,0
Contig_446_19.5337,1219.0,0.5972108285479901,45.54470877768663,0
Contig_447_17.2131,1662.0,0.6077015643802648,39.40974729241877,0
Contig_448_34.0853,12283.0,0.5438410811690955,86.62216070992429,3
Contig_449_19.8141,1722.0,0.6068524970963995,46.11498257839721,0
Contig_450_25.373,12860.0,0.5972783825816486,62.09362363919129,0
Contig_451_112.319,1173.0,0.597612958226769,256.2352941176471,0
Contig_452_23.3033,36593.0,0.5741261989998087,57.80826934113082,0
Contig_453_20.1132,3626.0,0.6274131274131274,50.31798124655268,0
Contig_454_17.1821,982.0,0.620162932790224,36.56109979633401,0
Contig_455_22.1987,3609.0,0.5652535328345802,54.210030479357165,0
Contig_456_18.548,6158.0,0.6006820396232543,44.97499188048067,0
Contig_457_24.7946,5280.0,0.6068181818181818,60.64128787878788,0
Contig_458_18.9761,21104.0,0.6068043972706596,47.856709628506444,0
Contig_459_20.7861,2586.0,0.5920340293890178,49.7969837587007,0
Contig_460_23.9929,8930.0,0.6113101903695409,58.55531914893617,0
Contig_461_23.6672,3180.0,0.5974842767295597,57.372327044025155,0
Contig_462_22.2781,27587.0,0.6030739116250408,55.91329249284083,0
Contig_463_24.9973,8576.0,0.6125233208955224,60.97772854477612,0
Contig_464_18.9443,6130.0,0.6225122349102773,47.670962479608484,0
Contig_465_23.6051,2922.0,0.5951403148528405,56.22655715263518,0
Contig_466_18.2043,869.0,0.475258918296893,39.2186421173763,0
Contig_467_22.5038,15220.0,0.6040735873850197,56.47240473061761,0
Contig_468_29.9373,38439.0,0.5823512578370925,74.64655688233304,0
Contig_469_25.1659,12815.0,0.6011705033164261,62.66047600468201,0
Contig_470_21.3906,18505.0,0.6089165090516077,53.44798703053229,0
Contig_471_22.1215,6893.0,0.6168576817060786,55.24575656463078,0
Contig_472_78.5546,2321.0,0.5562257647565705,186.30030159414045,2
Contig_473_25.0055,7143.0,0.6350272994540109,62.79672406551869,0
Contig_474_24.3697,20410.0,0.6147476727094562,60.651690347868694,0
Contig_475_24.3355,16170.0,0.6137909709338281,61.198577612863325,0
Contig_476_16.8813,4887.0,0.632085123797831,42.80233271945979,0
Contig_477_18.5408,5618.0,0.6267354930580278,45.03809184763261,0
Contig_478_19.9914,2170.0,0.3866359447004608,46.22949308755761,0
Contig_479_26.7976,4571.0,0.6112448042003937,66.27586961277619,0
Contig_480_27.0655,1648.0,0.5934466019417476,61.06128640776699,0
Contig_481_20.6654,2144.0,0.5881529850746269,50.346548507462686,0
Contig_482_19.3709,5973.0,0.5996986438975389,48.30102126234723,0
Contig_483_21.6955,5705.0,0.5758106923751095,54.42401402278703,0
Contig_484_24.8385,20392.0,0.6002353864260495,62.33346410357003,0
Contig_485_24.157,10756.0,0.5985496467088137,58.86640014875418,0
Contig_486_18.3136,1138.0,0.6291739894551845,41.96572934973638,0
Contig_487_16.3026,1887.0,0.629570747217806,38.06942236354001,0
Contig_488_21.7084,779.0,0.6341463414634146,46.17458279845956,0
Contig_489_22.5084,5139.0,0.6145164428877213,55.557501459427904,0
Contig_490_15.9282,1720.0,0.6331395348837209,39.57325581395349,0
Contig_491_24.2104,11689.0,0.5985969715116777,59.15578749251433,0
Contig_492_20.3719,16987.0,0.5899805733796433,51.13975392947548,0
Contig_493_25.3387,3663.0,0.5915915915915916,61.50696150696151,0
Contig_494_22.4001,15974.0,0.5972204832853387,56.06247652435207,0
Contig_495_20.6067,5004.0,0.5987210231814548,50.59412470023981,0
Contig_496_24.4713,948.0,0.6170886075949367,51.45042194092827,0
Contig_497_22.367,8028.0,0.6084952665670155,55.72296960637768,1
Contig_498_21.7199,4518.0,0.6084550686144312,52.9572819831784,0
Contig_499_21.6583,5783.0,0.6323707418295003,52.0717620612139,0
Contig_500_19.1265,8596.0,0.6285481619357841,47.76046998604002,0
Contig_501_25.6855,35595.0,0.5904761904761905,64.72021351313387,0
Contig_502_18.1927,9459.0,0.6117982873453853,44.63769954540649,0
Contig_503_17.0128,4062.0,0.653865091088134,41.36139832594781,0
Contig_504_24.6511,1171.0,0.6208368915456874,57.17933390264731,0
Contig_505_14.426,468.0,0.6239316239316239,28.243589743589745,0
Contig_506_15.6356,7071.0,0.6304624522698346,38.95290623674162,0
Contig_507_24.1354,26780.0,0.5982076176250933,60.925354742345036,0
Contig_508_22.7926,92669.0,0.5511659778350905,56.72001424424565,0
Contig_509_22.193,1470.0,0.6210884353741497,52.755102040816325,0
Contig_510_22.4046,5761.0,0.5952091650755077,55.303072383266795,0
Contig_511_19.4817,13104.0,0.6042429792429792,48.01717032967033,0
Contig_512_18.7597,3235.0,0.5975270479134467,45.45687789799073,0
Contig_513_25.9511,6661.0,0.6098183455937547,63.549166791773004,0
Contig_514_43.4414,332.0,0.6174698795180723,74.43373493975903,0
Contig_515_22.821,7969.0,0.6107416237921948,56.278955954323,0
Contig_516_187.168,1240.0,0.5604838709677419,432.24032258064517,0
Contig_517_20.0516,3622.0,0.6292103810049696,48.72197680839315,0
Contig_518_86.5341,3864.0,0.5383022774327122,208.55305383022775,1
Contig_519_21.8781,30264.0,0.5701493523658472,54.06370605339678,0
Contig_520_21.7295,12844.0,0.6138274680784802,54.78511367175335,0
Contig_521_26.1767,10905.0,0.5558000917010546,64.71902796882163,0
Contig_522_18.1575,7924.0,0.620015143866734,45.5567895002524,0
Contig_523_21.5008,3668.0,0.6308615049073064,51.834514721919305,0
Contig_524_16.79,2114.0,0.5922421948912016,40.994323557237465,0
Contig_525_22.392,1872.0,0.6111111111111112,54.37019230769231,0
Contig_526_20.5976,1157.0,0.6248919619706137,47.74675885911841,0
Contig_527_25.9959,6650.0,0.6228571428571429,64.79684210526315,0
Contig_528_25.2028,25877.0,0.5994512501449163,63.40630675889786,0
Contig_529_24.1832,3187.0,0.6077816128020082,57.53122058362096,0
Contig_530_18.8823,5923.0,0.6201249366874895,47.67567111261185,0
Contig_531_20.1837,1595.0,0.6206896551724138,49.739811912225704,1
Contig_532_18.2473,3359.0,0.6284608514438821,44.117892229830304,0
Contig_533_25.2,4196.0,0.5936606291706387,63.69423260247855,0
Contig_534_23.412,21945.0,0.6015037593984962,58.21540214171793,0
Contig_535_23.6527,2840.0,0.6260563380281691,56.34014084507042,0
Contig_536_23.0617,2489.0,0.6058658095620731,54.82844515869827,0
Contig_537_18.2493,1973.0,0.6213887480993411,41.075519513431324,0
Contig_538_21.6812,3363.0,0.6137377341659233,52.22123104371097,0
Contig_539_23.3913,6950.0,0.6126618705035971,57.29165467625899,0
Contig_540_37.1993,28831.0,0.5588775970309736,92.26981374215255,0
Contig_541_26.3388,13390.0,0.5352501867064974,64.25847647498134,0
Contig_542_22.7047,4001.0,0.5681079730067483,55.3921519620095,0
Contig_543_18.6797,1328.0,0.6325301204819277,42.43448795180723,0
Contig_544_22.2554,11281.0,0.6062405815087315,56.392252459888304,0
Contig_545_23.6462,15417.0,0.5890251021599533,59.353376143218526,0
Contig_546_14.7351,3696.0,0.6444805194805194,35.878246753246756,0
Contig_547_20.729,5950.0,0.5853781512605042,50.36403361344538,0
Contig_548_23.4698,9986.0,0.5998397756859604,58.462147005808134,0
Contig_549_24.8937,20751.0,0.5876343308756204,62.22456749072334,0
Contig_550_17.5497,2039.0,0.6194212849435998,44.11230995586072,0
Contig_551_21.0768,2786.0,0.5922469490308686,52.078607322325915,0
Contig_552_22.6142,4052.0,0.626604146100691,57.007650542941754,0
Contig_553_22.1403,4787.0,0.6030917067056611,52.97785669521621,0
Contig_554_17.3406,5329.0,0.6246950647401013,42.59560893225746,0
Contig_555_30.9116,902.0,0.5620842572062085,64.80820399113082,0
Contig_556_29.3035,7070.0,0.5688826025459689,71.36973125884018,0
Contig_557_17.8328,3067.0,0.6064558200195631,42.26899250081513,0
Contig_558_18.8006,11566.0,0.6231194881549369,46.84782984610064,0
Contig_559_19.4907,1749.0,0.6123499142367067,47.04173813607776,0
Contig_560_20.1786,27176.0,0.6122313806299676,50.810604945540184,0
Contig_561_24.1647,11090.0,0.615238954012624,60.77249774571686,0
Contig_562_24.194,9394.0,0.6036832020438578,59.41569086651054,0
Contig_563_20.2238,1086.0,0.6058931860036832,47.28821362799263,0
Contig_564_29.049,25970.0,0.5332306507508664,71.90469772814787,0
Contig_565_27.7589,3067.0,0.5859145745027714,68.00032605151614,0
Contig_566_18.1535,2474.0,0.5832659660468876,43.457558609539205,0
Contig_567_17.5729,2476.0,0.6175282714054927,43.58844911147011,0
Contig_568_21.6233,1398.0,0.5994277539341917,52.264663805436335,0
Contig_569_24.2301,1158.0,0.6174438687392055,53.7279792746114,0
Contig_570_19.8786,9093.0,0.6096997690531177,48.975035741779394,0
Contig_571_21.1124,7645.0,0.5400915631131459,52.723348593852194,0
Contig_572_21.4087,5182.0,0.6258201466615206,52.873793901968355,0
Contig_573_22.4604,13911.0,0.5961469340809431,56.19653511609518,0
Contig_574_21.9641,8072.0,0.615832507433102,53.36979682854311,0
Contig_575_18.3871,665.0,0.631578947368421,36.86165413533835,0
Contig_576_22.2576,961.0,0.5764828303850156,51.831425598335066,0
Contig_577_19.715,883.0,0.636466591166478,43.72933182332956,0
Contig_578_18.6104,402.0,0.6194029850746269,35.507462686567166,0
Contig_579_18.2625,476.0,0.6449579831932774,34.44747899159664,0
Contig_580_14.6311,808.0,0.655940594059406,33.334158415841586,0
Contig_581_19.1154,2900.0,0.6082758620689656,48.288275862068964,0
Contig_582_22.1803,12413.0,0.5917989204865867,54.87553371465399,0
Contig_583_24.9989,3855.0,0.5880674448767834,62.46355382619974,0
Contig_584_22.4529,3576.0,0.6051454138702461,54.46448545861298,0
Contig_585_22.0689,2821.0,0.6012052463665367,55.094647288195674,0
Contig_586_25.7313,4967.0,0.6118381316690155,63.761224078920876,0
Contig_587_18.9677,4284.0,0.6253501400560224,45.2453314659197,0
Contig_588_24.5759,4014.0,0.6345291479820628,59.582710513203786,0
Contig_589_21.8743,2923.0,0.5949367088607594,54.19911050290797,0
Contig_590_34.929,569.0,0.5729349736379613,89.57117750439367,7
Contig_591_27.2439,2913.0,0.6028149673875729,65.32921386886372,0
Contig_592_23.7509,7848.0,0.6341743119266054,57.98636595310907,0
Contig_593_20.8102,5781.0,0.6128697457187338,51.42760768033212,0
Contig_594_20.2576,1454.0,0.610041265474553,47.073590096286104,0
Contig_595_17.4164,405.0,0.5975308641975309,29.9358024691358,0
Contig_596_21.6094,5015.0,0.6191425722831505,54.08015952143569,0
Contig_597_21.9734,11553.0,0.6262442655587294,54.333333333333336,0
Contig_598_20.0331,7562.0,0.6131975667812748,49.88138058714626,0
Contig_599_20.6956,9127.0,0.6258354333296812,50.87882108031116,0
Contig_600_19.9021,6172.0,0.6173039533376539,50.45204147764096,0
Contig_601_24.4742,7362.0,0.6169519152404238,59.75753871230644,0
Contig_602_25.6982,6318.0,0.6030389363722697,62.8724279835391,0
Contig_603_17.1006,1160.0,0.5913793103448276,39.897413793103446,0
Contig_604_19.1755,16340.0,0.6083843329253366,48.1,0
Contig_605_22.8732,10376.0,0.6026407093292213,56.489109483423285,0
Contig_606_23.5536,4971.0,0.5990746328706498,56.102796218064775,0
Contig_607_26.0248,3787.0,0.6070768418273039,63.27145497755479,0
Contig_608_16.7023,4141.0,0.619415600096595,42.59961361989858,0
Contig_609_21.2221,7263.0,0.5789618614897425,51.85033732617376,0
Contig_610_16.9514,1043.0,0.6375838926174496,39.52540747842761,0
Contig_611_24.119,13370.0,0.6178010471204188,59.86529543754675,0
Contig_612_14.4866,3033.0,0.6505110451697989,34.65677546983185,0
Contig_613_23.9178,4380.0,0.6141552511415526,58.968721461187215,0
Contig_614_19.3069,4465.0,0.6197088465845465,47.33594624860022,0
Contig_615_22.4151,4952.0,0.595113085621971,54.26514539579968,0
Contig_616_22.0225,2525.0,0.6194059405940594,51.79485148514851,0
Contig_617_23.2582,7698.0,0.5850870355936607,57.9206287347363,0
Contig_618_18.5965,8396.0,0.6194616484040019,46.55395426393521,0
Contig_619_19.769,11563.0,0.6115195018593791,49.30545706131627,0
Contig_620_10.9479,268.0,0.5708955223880597,15.261194029850746,0
Contig_621_29.597,1761.0,0.6132879045996593,68.52072685973879,0
Contig_622_22.542,1172.0,0.6279863481228669,50.39505119453925,0
Contig_623_18.2418,19324.0,0.6348064582902091,45.92273856344442,11
Contig_624_24.9402,26703.0,0.5635321873946748,62.65610605549938,0
Contig_625_24.6728,1155.0,0.6103896103896104,55.4943722943723,0
Contig_626_17.106,4077.0,0.5999509443218053,41.81506009320579,0
Contig_627_15.9484,3896.0,0.6380903490759754,39.16863449691992,0
Contig_628_33.5954,11105.0,0.595047276001801,82.83755065285908,0
Contig_629_20.4039,2485.0,0.6016096579476862,50.221730382293764,0
Contig_630_18.4805,3689.0,0.6191379777717538,44.71049064787205,0
Contig_631_26.5377,1908.0,0.5932914046121593,63.91561844863732,0
Contig_632_19.2986,1275.0,0.636078431372549,45.30274509803922,0
Contig_633_22.6304,3967.0,0.613309805898664,54.74741618351399,0
Contig_634_23.0375,10388.0,0.6257219869079708,56.636792452830186,0
Contig_635_13.8228,1374.0,0.6593886462882096,32.21251819505095,0
Contig_636_27.7259,6261.0,0.6059734866634723,68.52148219134324,1
Contig_637_22.9623,9069.0,0.6038151946190319,56.58749586503473,0
Contig_638_21.1943,4749.0,0.5596967782691092,51.90587492103601,0
Contig_639_23.9032,8179.0,0.6138892285120431,60.209438806700085,0
Contig_640_18.6966,1777.0,0.634777715250422,45.043894203714125,0
Contig_641_15.9157,2081.0,0.6540124939932724,39.47044690052859,0
Contig_642_24.6784,5369.0,0.5945241199478487,60.159433786552434,0
Contig_643_26.9347,9664.0,0.5564983443708609,67.18449917218543,0
Contig_644_31.716,1379.0,0.508339376359681,73.30746918056563,0
Contig_645_19.3903,2251.0,0.6126166148378498,46.567747667703244,0
Contig_646_21.7869,5411.0,0.6228053964147108,53.15634817963408,0
Contig_647_20.1833,5160.0,0.6232558139534884,49.13197674418605,0
Contig_648_39.3174,1683.0,0.5894236482471776,96.18360071301248,3
Contig_649_19.9287,1997.0,0.6029043565348022,48.02203304957436,0
Contig_650_26.3522,1794.0,0.6036789297658863,61.05295429208473,0
Contig_651_19.4295,1750.0,0.5982857142857143,44.69085714285714,0
Contig_652_21.2211,19857.0,0.6012992899229491,53.426146950697486,0
Contig_653_13.7833,925.0,0.6843243243243243,28.996756756756756,0
Contig_654_17.9952,15107.0,0.6126961011451645,44.871053154166944,0
Contig_655_24.3282,7769.0,0.6301969365426696,59.51074784399537,0
Contig_656_21.6893,607.0,0.6392092257001647,41.60296540362438,0
Contig_657_23.9044,13520.0,0.6113165680473372,59.80392011834319,0
Contig_658_23.9759,8856.0,0.6187895212285456,59.12612917795845,0
Contig_659_18.004,17778.0,0.6229609629879627,45.20907863651704,0
Contig_660_19.2777,3018.0,0.6292246520874751,44.15142478462558,0
Contig_661_19.6673,2760.0,0.633695652173913,47.46449275362319,1
Contig_662_23.0387,1266.0,0.5837282780410743,50.91943127962085,0
Contig_663_19.3751,25104.0,0.5898661567877629,48.25051784576163,0
Contig_664_15.9478,574.0,0.6567944250871081,28.34494773519164,0
Contig_665_16.3867,4483.0,0.6480035690385902,40.442783850100376,0
Contig_666_20.3327,3929.0,0.6090608297276661,50.52812420463222,0
Contig_667_25.2732,17958.0,0.5997883951442254,64.13091658313843,0
Contig_668_17.9692,3034.0,0.6456822676334871,45.17336849044166,0
Contig_669_19.9651,735.0,0.6394557823129252,41.929251700680275,0
Contig_670_25.1098,495.0,0.5898989898989899,48.002020202020205,0
Contig_671_15.3469,2653.0,0.6532227666792311,36.88013569543912,0
Contig_672_21.5036,15399.0,0.5954282745632833,53.5392557958309,0
Contig_673_21.7959,4261.0,0.5907064069467262,52.875850739263086,0
Contig_674_15.3345,351.0,0.6153846153846154,26.60683760683761,0
Contig_675_17.6885,11303.0,0.630805980713085,43.88958683535345,0
Contig_676_26.1482,2384.0,0.6103187919463087,61.744546979865774,0
Contig_677_27.7602,78078.0,0.54769589384974,68.98725633341017,0
Contig_678_31.9861,16891.0,0.5626073056657391,80.57302705582855,0
Contig_679_21.4026,22483.0,0.5810612462749634,53.07681359249211,0
Contig_680_19.2445,3733.0,0.6193410125904099,47.0326814894187,0
Contig_681_24.1754,5322.0,0.6046599022923713,59.309845922585495,0
Contig_682_73.7032,2310.0,0.5645021645021645,171.16363636363636,0
Contig_683_22.9836,3250.0,0.6206153846153846,54.09876923076923,0
Contig_684_20.0091,7873.0,0.5913882890892925,49.35501079639273,0
Contig_685_27.9676,8162.0,0.5806174957118353,68.70962999264886,0
Contig_686_27.4884,8219.0,0.5994646550675264,67.83878817374377,0
Contig_687_17.4378,1716.0,0.6177156177156177,39.57983682983683,0
Contig_688_21.0098,3762.0,0.6047315257841573,52.59356725146199,0
Contig_689_16.858,4652.0,0.634780739466896,41.03804815133276,0
Contig_690_23.4055,6254.0,0.6037735849056604,58.64358810361369,0
Contig_691_21.5308,7892.0,0.6332995438418652,52.50658895083629,0
Contig_692_17.3132,1481.0,0.6482106684672518,41.70087778528021,0
Contig_693_24.183,22256.0,0.5985352264557872,60.70475377426312,0
Contig_694_23.8793,3192.0,0.6052631578947368,57.90758145363409,0
Contig_695_26.0033,2191.0,0.5696029210406207,59.64354176175262,0
Contig_696_17.6733,11468.0,0.6014998256016743,44.17527031740495,0
Contig_697_18.342,1611.0,0.5847299813780261,43.185599006828056,0
Contig_698_176.795,3176.0,0.5129093198992444,436.8913727959698,12
Contig_699_18.1628,2956.0,0.628213802435724,45.17726657645467,0
Contig_700_21.8593,6451.0,0.608277786389707,53.674934118741284,0
Contig_701_20.6783,1226.0,0.5905383360522023,46.24714518760196,0
Contig_702_18.6055,12378.0,0.5891904992729036,45.93763128130554,0
Contig_703_21.9701,4598.0,0.6224445411048282,54.75793823401479,0
Contig_704_18.5068,6256.0,0.6123721227621484,45.21259590792839,0
Contig_705_31.4514,1547.0,0.5462184873949579,72.55656108597285,0
Contig_706_14.9354,1469.0,0.6317222600408441,35.179033356024505,0
Contig_707_25.1948,1498.0,0.6108144192256342,57.983311081441926,0
Contig_708_21.2166,6527.0,0.6333690822736326,52.60502527960778,0
Contig_709_23.1008,11784.0,0.5975899524779362,58.51722674813306,0
Contig_710_21.8713,3604.0,0.6279134295227525,53.78079911209767,0
Contig_711_21.9736,4014.0,0.598903836571998,52.559043348281016,0
Contig_712_19.7377,4381.0,0.61675416571559,47.11184661036293,0
Contig_713_24.6981,1997.0,0.6239359038557837,58.14621932899349,0
Contig_714_21.9101,3779.0,0.5946017464937814,54.35300344006351,0
Contig_715_21.6817,3557.0,0.6058476244025864,52.78830475119483,0
Contig_716_26.6355,16842.0,0.5969599809998812,65.84467402921268,0
Contig_717_20.1394,2328.0,0.6288659793814433,47.97981099656357,0
Contig_718_27.8228,10446.0,0.575531303848363,67.67767566532645,0
Contig_719_21.8207,7868.0,0.6199796644636503,55.47559735638028,0
Contig_720_20.0171,4942.0,0.6309186564144071,49.640833670578715,0
Contig_721_21.5233,21197.0,0.5389913667028353,53.432372505543235,1
Contig_722_20.8815,3976.0,0.5910462776659959,50.83827967806841,0
Contig_723_22.7238,2013.0,0.5981122702434177,56.23497267759563,0
Contig_724_28.1496,23304.0,0.5309388946103674,70.3250944043941,0
Contig_725_26.624,3052.0,0.6133682830930537,62.61598951507209,0
Contig_726_22.0415,6951.0,0.5980434469860452,55.27593152064451,0
Contig_727_15.9816,620.0,0.6419354838709678,30.406451612903226,0
Contig_728_21.2108,2363.0,0.6102412187896742,51.30004231908591,0
Contig_729_28.1247,942.0,0.6125265392781316,62.01486199575371,0
Contig_730_24.4994,14182.0,0.6149344239176421,61.33436750810887,0
Contig_731_18.9305,6204.0,0.6254029658284977,46.2309800128949,0
Contig_732_18.3503,5385.0,0.6105849582172702,45.2644382544104,0
Contig_733_21.6123,2720.0,0.6183823529411765,50.54338235294118,0
Contig_734_20.9583,1802.0,0.6054384017758047,51.251387347391784,0
Contig_735_18.0248,3785.0,0.6277410832232496,45.28216644649934,0
Contig_736_23.7221,1278.0,0.5046948356807511,53.16353677621283,0
Contig_737_28.2304,5749.0,0.57453470168725,70.12071664637328,0
Contig_738_24.082,6048.0,0.6051587301587301,59.51587301587302,0
Contig_739_24.8866,2899.0,0.6215936529837875,61.122800965850296,0
Contig_740_37.3873,107960.0,0.5510003705075954,93.37524082993701,0
Contig_741_24.9212,10779.0,0.6163837090639206,62.85629464699879,0
Contig_742_21.8413,6182.0,0.6240698802976383,54.98576512455516,0
Contig_743_21.9534,7163.0,0.581041463074131,53.27041742286752,0
Contig_744_25.3055,3867.0,0.6170157745021981,61.136539953452285,0
Contig_745_23.1161,5295.0,0.5920679886685553,56.12143531633617,0
Contig_746_23.7729,8895.0,0.6154019111860596,58.49724564362001,0
Contig_747_21.8796,5343.0,0.5947969305633539,54.3226651693805,0
Contig_748_23.2855,3425.0,0.6449635036496351,55.07795620437956,0
Contig_749_24.5906,3046.0,0.6089954038082731,61.73473407747866,0
Contig_750_21.2731,19926.0,0.6116631536685737,53.06182876643581,0
Contig_751_21.1442,16083.0,0.5770689547969906,53.53845675558043,0
Contig_752_23.3423,1741.0,0.60137851809305,55.248707639287765,0
Contig_753_24.0723,7492.0,0.6165242925787506,59.37987186332087,0
Contig_754_19.174,23537.0,0.5897947911798445,47.95292518162893,0
Contig_755_26.7884,7322.0,0.5760721114449604,66.50450696531003,0
Contig_756_19.364,359.0,0.6044568245125348,32.02785515320334,0
Contig_757_26.8357,1695.0,0.6005899705014749,62.11858407079646,0
Contig_758_17.4865,8969.0,0.6436615007247185,44.85672873230015,4
Contig_759_31.3953,878.0,0.5523917995444191,76.4248291571754,0
Contig_760_20.1659,4379.0,0.5795843799954328,48.815482986983326,0
Contig_761_20.3027,3337.0,0.6149235840575367,48.94246329038058,0
Contig_762_20.0736,2996.0,0.6121495327102804,47.438584779706275,0
Contig_763_18.7049,3932.0,0.5811291963377416,45.59562563580875,0
Contig_764_24.0669,1750.0,0.5571428571428572,56.13314285714286,0
Contig_765_22.1663,3570.0,0.6058823529411764,55.7436974789916,0
Contig_766_22.1456,1910.0,0.625130890052356,52.269109947643976,0
Contig_767_18.1952,4200.0,0.6088095238095238,45.11380952380952,0
Contig_768_20.5181,20659.0,0.5923326395275667,50.63914032625006,0
Contig_769_17.6716,4428.0,0.6275971093044264,44.31842818428184,0
Contig_770_17.3692,466.0,0.6201716738197425,33.97424892703863,0
Contig_771_138.045,2265.0,0.5761589403973509,327.9651214128035,1
Contig_772_28.5531,2253.0,0.5907678650687972,67.3994673768309,0
Contig_773_18.6349,6335.0,0.6263614838200473,46.95043409629045,0
Contig_774_20.7666,1083.0,0.6528162511542013,48.77377654662973,0
Contig_775_21.9846,19177.0,0.6114616467643531,54.47270167388017,0
Contig_776_20.6226,2254.0,0.6086956521739131,48.88376220053239,0
Contig_777_198.414,1650.0,0.5163636363636364,462.51878787878786,0
Contig_778_18.8633,5875.0,0.6204255319148936,47.34144680851064,0
Contig_779_18.5761,7486.0,0.6246326476088699,45.72842639593909,0
Contig_780_19.7546,7980.0,0.6078947368421053,48.967543859649126,0
Contig_781_22.3089,23171.0,0.6123602779336239,55.058435112856586,0
Contig_782_26.88,6132.0,0.6011089367253751,65.55332681017613,0
Contig_783_28.1699,11566.0,0.5327684592771917,69.28073664188138,0
Contig_784_19.4244,7277.0,0.5889789748522742,47.07475608080253,0
Contig_785_25.031,21626.0,0.512207527975585,61.36839914917229,0
Contig_786_21.1631,6362.0,0.595567431625275,51.35633448601069,0
Contig_787_25.5957,828.0,0.6328502415458938,58.158212560386474,0
Contig_788_29.1223,2790.0,0.5544802867383513,67.32329749103943,0
Contig_789_21.1283,3131.0,0.5739380389651868,50.786649632705206,0
Contig_790_18.4191,4013.0,0.6000498380264142,46.46100174433092,0
Contig_791_20.6507,5550.0,0.5962162162162162,50.32972972972973,0
Contig_792_23.9954,5032.0,0.610691573926868,58.55286168521462,0
Contig_793_27.6072,743.0,0.5518169582772544,60.414535666218036,0
Contig_794_14.6384,1160.0,0.6405172413793103,33.51120689655173,0
Contig_795_15.5641,1113.0,0.6208445642407907,34.071877807726864,0
Contig_796_23.3154,3729.0,0.612496647894878,57.087422901582194,0
Contig_797_21.081,7136.0,0.632707399103139,51.68595852017937,0
Contig_798_18.7074,2277.0,0.5994729907773386,45.982433025911284,0
Contig_799_18.8022,7054.0,0.6094414516586334,46.26509781684151,0
Contig_800_26.7663,12133.0,0.606033132778373,66.59845050688206,0
Contig_801_20.4925,4283.0,0.605650245155265,50.345318701844505,0
Contig_802_26.0673,7119.0,0.6118836915297092,64.90265486725664,0
Contig_803_21.0912,10007.0,0.6323573498551014,51.826921155191364,0
Contig_804_20.928,6379.0,0.632701050321367,53.08245806552751,0
Contig_805_21.9783,15712.0,0.5262219959266803,54.258719450101836,0
Contig_806_22.4811,16510.0,0.6087219866747425,57.152331920048454,0
Contig_807_18.3913,13042.0,0.608648980217758,46.09883453458058,0
Contig_808_19.7415,2219.0,0.6097341144659757,45.50247859396124,0
Contig_809_25.9359,28178.0,0.6016040882958337,64.58141102988147,0
Contig_810_23.3227,2465.0,0.6198782961460446,57.172008113590266,0
Contig_811_20.5241,10107.0,0.5885030177104976,51.466310477886616,0
Contig_812_21.8371,8437.0,0.6196515349057722,53.24831101102288,0
Contig_813_24.1372,5360.0,0.6074626865671642,58.693470149253734,0
Contig_814_28.4228,1469.0,0.6126616746085772,67.75153165418652,0
Contig_815_8.76129,386.0,0.6269430051813472,16.075129533678755,0
Contig_816_20.9206,4826.0,0.5942809780356403,51.56879403232491,0
Contig_817_23.7599,4582.0,0.6163247490178961,58.97664775207333,0
Contig_818_18.1462,1109.0,0.6311992786293958,39.830477908025244,0
Contig_819_18.7926,3278.0,0.5887736424649176,45.48566198901769,0
Contig_820_18.1724,6590.0,0.6033383915022762,45.88816388467375,0
Contig_821_21.0355,5871.0,0.6051779935275081,51.87395673650145,0
Contig_822_18.6658,3125.0,0.61984,45.81216,0
Contig_823_19.2235,6089.0,0.6245688947281984,46.86582361635737,0
Contig_824_29.6214,38081.0,0.537249547018198,74.47913657729576,0
Contig_825_24.8941,6759.0,0.5989051634857228,60.61532771119988,0
Contig_826_35.7433,746.0,0.5844504021447721,87.35254691689008,2
Contig_827_29.3941,11252.0,0.5814077497333807,71.56736580163526,0
Contig_828_24.0887,4642.0,0.6128823782852219,60.16824644549763,0
Contig_829_19.6912,4386.0,0.6010031919744642,47.81349749202006,0
Contig_830_31.3191,7159.0,0.5053778460678866,76.5673976812404,0
Contig_831_25.0422,29803.0,0.5771566620809986,62.430996879508776,0
Contig_832_21.8196,14279.0,0.610336858323412,54.023951257090836,0
Contig_833_24.1045,4849.0,0.613941018766756,59.40647556197154,0
Contig_834_26.7596,29314.0,0.5485774715153169,67.48270450979054,0
Contig_835_20.9222,4741.0,0.6165365956549251,51.47964564437882,0
Contig_836_24.529,2435.0,0.6049281314168378,57.351950718685835,0
Contig_837_18.9233,12814.0,0.5989542687685344,46.88645231777743,0
Contig_838_17.589,15432.0,0.6126231207879731,43.79542509072058,0
Contig_839_20.6301,17568.0,0.5980760473588342,51.5479849726776,0
Contig_840_27.7521,11887.0,0.5988895431984521,78.04525952721461,3
Contig_841_18.9426,10739.0,0.624173572958376,47.093770369680605,0
Contig_842_19.8482,2883.0,0.6122095039889005,48.11446409989594,0
Contig_843_21.4219,9839.0,0.6142900701290781,52.75027949994918,0
Contig_844_18.6913,4864.0,0.6087582236842105,46.21998355263158,0
Contig_845_23.0635,25482.0,0.6121183580566675,57.850129503178714,0
Contig_846_25.8533,13801.0,0.6087240055068474,64.26208245779291,1
Contig_847_24.2933,14754.0,0.6173241154941033,60.66639555374814,0
Contig_848_22.8738,3975.0,0.6037735849056604,59.31672955974843,0
Contig_849_28.0394,11263.0,0.523483974074403,69.15510965106988,0
Contig_850_21.2233,2696.0,0.6109050445103857,50.42284866468843,0
Contig_851_28.2814,6960.0,0.5699712643678161,69.96637931034483,0
Contig_852_16.7589,1424.0,0.5870786516853933,37.116573033707866,0
Contig_853_21.1534,11540.0,0.6181109185441941,53.03630849220104,0
Contig_854_37.0129,70661.0,0.5597288461810617,92.28707490695008,0
Contig_855_24.6345,4481.0,0.6130328051774158,67.29256862307521,0
Contig_856_13.4673,290.0,0.5448275862068965,19.79655172413793,0
Contig_857_21.9232,1183.0,0.5942519019442096,49.358410819949285,0
Contig_858_20.2662,3754.0,0.6182738412360149,49.977890250399575,0
Contig_859_24.7293,2754.0,0.6172839506172839,59.57516339869281,0
Contig_860_20.6858,5961.0,0.5645026002348599,49.990773360174465,0
Contig_861_25.7641,6970.0,0.5972740315638451,62.837589670014346,0
Contig_862_20.432,6286.0,0.624880687241489,51.560610881323576,0
Contig_863_23.0864,22919.0,0.6168681007024739,57.990924560408395,0
Contig_864_19.5682,4666.0,0.6142306043720531,47.43849121303043,0
Contig_865_23.4505,12662.0,0.580082135523614,58.83651871742221,0
Contig_866_21.2982,15903.0,0.6149154247626234,52.436018361315476,0
Contig_867_67.5926,12793.0,0.5540529977331353,165.80966153365122,0
Contig_868_19.7673,1597.0,0.6130244207889793,45.67689417658109,0
Contig_869_18.8081,8591.0,0.602025375392853,46.422186008613664,0
Contig_870_23.2953,4674.0,0.6026957637997432,57.1272999572101,0
Contig_871_24.0321,3757.0,0.6145861059355869,57.715730636145864,0
Contig_872_23.5213,4766.0,0.6258917331095258,57.06147712966848,0
Contig_873_23.8135,6922.0,0.6197630742559954,59.10849465472407,0
Contig_874_20.2826,2493.0,0.6161251504211793,49.77697553148817,0
Contig_875_23.0196,5942.0,0.624200605856614,57.063110063951534,0
Contig_876_15.8239,3915.0,0.6286079182630907,38.873818646232436,0
Contig_877_102.313,959.0,0.6141814389989573,227.54953076120958,0
Contig_878_18.3819,1058.0,0.5982986767485823,41.45746691871456,0
Contig_879_20.9897,3168.0,0.6212121212121212,52.557449494949495,0
Contig_880_16.13,2483.0,0.617398308497785,39.01167942005638,0
Contig_881_23.7192,17984.0,0.6067059608540926,59.71235542704626,0
Contig_882_25.7022,4820.0,0.5993775933609958,62.59958506224066,0
Contig_883_17.9349,6421.0,0.6171935835539636,44.35570783367077,0
Contig_884_22.3473,5000.0,0.625,53.8694,0
Contig_885_24.6068,3616.0,0.5674778761061947,58.63136061946903,0
Contig_886_16.4164,3263.0,0.5871897027275513,40.262335274287466,0
Contig_887_23.57,12381.0,0.5312171876262014,57.22607220741459,0
Contig_888_15.8765,400.0,0.56,27.5575,0
Contig_889_27.0931,5672.0,0.5987306064880112,72.15744005641749,6
Contig_890_25.4414,9815.0,0.6014263881813551,63.36709118695874,0
Contig_891_18.9053,4309.0,0.6117428637734973,46.4694824785333,0
Contig_892_18.9533,5859.0,0.582010582010582,46.6605222734255,0
Contig_893_27.7743,42324.0,0.5587846139306304,69.6921841035819,0
Contig_894_21.3727,5856.0,0.6108265027322405,54.40232240437158,0
Contig_895_27.8685,29251.0,0.5375200847834262,69.08950121363372,0
Contig_896_20.4922,3426.0,0.5916520723876241,47.4810274372446,0
Contig_897_18.4524,11575.0,0.6214254859611231,45.97563714902808,0
Contig_898_18.1562,2252.0,0.6047957371225577,41.80994671403197,0
Contig_899_20.4223,12973.0,0.6172049641563246,50.74362136745548,0
Contig_900_15.8901,2833.0,0.6297211436639605,37.52135545358277,0
Contig_901_25.3784,23088.0,0.5055440055440056,63.09494109494109,0
Contig_902_23.1784,743.0,0.6271870794078062,49.44818304172274,0
Contig_903_25.1951,7842.0,0.6085182351440959,62.18643203264473,0
Contig_904_24.8208,11065.0,0.6050610031631269,61.76629010393132,0
Contig_905_19.1777,13697.0,0.5919544425786668,48.247280426370736,0
Contig_906_13.0997,1259.0,0.6656076250992852,31.594122319301032,0
Contig_907_24.2571,1904.0,0.6123949579831933,58.79254201680672,0
Contig_908_24.757,7567.0,0.6172855821329457,61.83150522003436,0
